Workbook

Sheet Torneos
A1: Fecha y hora Inicial | B1: Fecha y hora final | C1: Nombre | D1: Descripción | E1: Orden | F1: Tipo | G1: Usuario debe suscribirse? | H1: Lista Jugadores | I1: Visible para todos los jugadores? | J1: Tipo Producto | K1: Tipo de Ranking | L1: Multiplicar líneas por puntos ? | M1: Todas las condiciones son obligatorias? | N1: Deportes | O1: Mercados | P1: Ligas | Q1: Partidos | R1: Apuestas Simples | S1: Apuestas Multiples | T1: Apuestas Sistemas | U1: Tipo de evento | V1: Mínima Cantidad Selecciones | W1: Mínima Cuota Selecciones | X1: Mínima cuota total | Y1: Repetir Partidos | Z1: Repetir Mercados | AA1: Categorías | AB1: Proveedor Casino | AC1: Productos Casino | AD1: Apuesta Mínima | AE1: Posición Premio | AF1: Tipo Premio | AG1: Descripción Premio | AH1: Saldo a asignar | AI1: Monto Premio | AJ1: Rango Inicial | AK1: Rango Final | AL1: Puntos | AM1: Código Global | AN1: URL Imagen Principal | AO1: Máximo Jugadores | AP1: Mínimo Jugadores | AQ1: Regiones Usuario | AR1: Departamentos Usuario | AS1: Ciudades Usuario | AT1: URL Fondo | AU1: URL imagen central | AV1: URL imagen derecha | AW1: URL fondo detallado | AX1: URL imagen central detallada | AY1: URL imagen premios | AZ1: Valor del punto
A2: 46316 | B2: 46325.999 | C2: Prueba VSFT 34520 | D2: Prueba HU 34520 | F2: Público | G2: No | I2: Sí | J2: Sportsbook | K2: Ganancia Neta | L2: No | M2: No | R2: No | S2: No | T2: No | U2: Both | V2: 0 | W2: 0 | X2: 0 | Y2: Sí | Z2: Sí | AD2: 0 | AF2: Físico | AH2: Saldo Creditos
AF3: Físico | AH3: Saldo Creditos
AF4: Físico | AH4: Saldo Creditos
AF5: Físico | AH5: Saldo Creditos
AF6: Físico | AH6: Saldo Creditos
AF7: Físico | AH7: Saldo Creditos
AF8: Físico | AH8: Saldo Creditos
AF9: Físico | AH9: Saldo Creditos
AF10: Físico | AH10: Saldo Creditos
AF11: Físico | AH11: Saldo Creditos
AF12: Físico | AH12: Saldo Creditos
AF13: Físico | AH13: Saldo Creditos
AF14: Físico | AH14: Saldo Creditos
... AF101: Físico | AH101: Saldo Creditos

Sheet Backend
A1: BeginDate | B1: EndDate | C1: Name | D1: Description | E1: Priority | F1: TypeRule | G1: UserSubscribe | H1: PlayersUser | I1: VisibleAllPlayers | J1: TypeProduct | K1: TypeRanking | L1: LinesByPoints | M1: ConditionProduct | N1: SportsbookDeports2 | O1: SportsbookMarkets2 | P1: SportsbookLeagues2 | Q1: SportsbookMatches2 | R1: Single | S1: Multiple | T1: System | U1: LiveOrPreMatch | V1: MinSelCount | W1: MinSelPrice | X1: MinSelPriceTotal | Y1: RepeatMatches | Z1: RepeatMercados | AA1: Category | AB1: Provider | AC1: Product | AD1: MinBetPrice | AE1: PositionPrize | AF1: TypePrize | AG1: DescriptionPrize | AH1: BalancePrize | AI1: AmountPrize | AJ1: InitialRange | AK1: FinalRange | AL1: Credits | AM1: CodeGlobal | AN1: MainImageURL | AO1: MaxplayersCount | AP1: MinplayersCount | AQ1: RegionsUser | AR1: DepartmentsUser | AS1: CitiesUser | AT1: BackgroundURL | AU1: ImgCenter | AV1: ImgRight | AW1: BackgroundURL2 | AX1: ImgCenter2 | AY1: ImgAwards | AZ1: PointValue
A2: =Torneos!A2 -> 46316 | B2: =Torneos!B2 -> 46325.999 | C2: =Torneos!C2 -> Prueba VSFT 34520 | D2: =Torneos!D2 -> Prueba HU 34520 | E2: =Torneos!E2 -> 0 | F2: =VLOOKUP(Torneos!F2,Options!A1:B2,2,FALSE) -> 0 | G2: =VLOOKUP(Torneos!G2,Options!C1:D2,2,FALSE) -> false | H2: =Torneos!H2 -> 0 | I2: =VLOOKUP(Torneos!I2,Options!C1:D2,2,FALSE) -> true | J2: =VLOOKUP(Torneos!J2,Options!E1:F4,2,FALSE) -> 0 | K2: =VLOOKUP(Torneos!K2,Options!G1:H4,2,FALSE) -> 2 | L2: =VLOOKUP(Torneos!L2,Options!C1:D2,2,FALSE) -> false | M2: =VLOOKUP(Torneos!M2,Options!I1:J2,2,FALSE) -> OR | N2: =Torneos!N2 -> 0 | O2: =Torneos!O2 -> 0 | P2: =Torneos!P2 -> 0 | Q2: =Torneos!Q2 -> 0 | R2: =VLOOKUP(Torneos!R2,Options!C1:D2,2,FALSE) -> false | S2: =VLOOKUP(Torneos!S2,Options!C1:D2,2,FALSE) -> false | T2: =VLOOKUP(Torneos!T2,Options!C1:D2,2,FALSE) -> false | U2: =VLOOKUP(Torneos!U2,Options!K1:L3,2,FALSE) -> 0 | V2: =Torneos!V2 -> 0 | W2: =Torneos!W2 -> 0 | X2: =Torneos!X2 -> 0 | Y2: =VLOOKUP(Torneos!Y2,Options!C1:D2,2,FALSE) -> true | Z2: =VLOOKUP(Torneos!Z2,Options!C1:D2,2,FALSE) -> true | AA2: =Torneos!AA2 -> 0 | AB2: =Torneos!AB2 -> 0 | AC2: =Torneos!AC2 -> 0 | AD2: =Torneos!AD2 -> 0 | AE2: =Torneos!AE2 -> 0 | AF2: =VLOOKUP(Torneos!AF2,Options!$M$1:$N$3,2,FALSE) -> 0 | AG2: =Torneos!AG2 -> 0 | AH2: =VLOOKUP(Torneos!AH2,Options!$O$1:$P$3,2,FALSE) -> 0 | AI2: =Torneos!AI2 -> 0 | AJ2: =Torneos!AJ2 -> 0 | AK2: =Torneos!AK2 -> 0 | AL2: =Torneos!AL2 -> 0 | AM2: =Torneos!AM2 -> 0 | AN2: =Torneos!AN2 -> 0 | AO2: =Torneos!AO2 -> 0 | AP2: =Torneos!AP2 -> 0 | ... AZ2: =Torneos!AZ2 -> 0
H3: =Torneos!H3 -> 0 | N3: =Torneos!N3 -> 0 | O3: =Torneos!O3 -> 0 | P3: =Torneos!P3 -> 0 | Q3: =Torneos!Q3 -> 0 | AA3: =Torneos!AA3 -> 0 | AB3: =Torneos!AB3 -> 0 | AC3: =Torneos!AC3 -> 0 | AE3: =Torneos!AE3 -> 0 | AF3: =VLOOKUP(Torneos!AF3,Options!$M$1:$N$3,2,FALSE) -> 0 | AG3: =Torneos!AG3 -> 0 | AH3: =VLOOKUP(Torneos!AH3,Options!$O$1:$P$3,2,FALSE) -> 0 | AI3: =Torneos!AI3 -> 0 | AJ3: =Torneos!AJ3 -> 0 | AK3: =Torneos!AK3 -> 0 | AL3: =Torneos!AL3 -> 0 | AQ3: =Torneos!AQ3 -> 0 | AR3: =Torneos!AR3 -> 0 | AS3: =Torneos!AS3 -> 0
H4: =Torneos!H4 -> 0 | N4: =Torneos!N4 -> 0 | O4: =Torneos!O4 -> 0 | P4: =Torneos!P4 -> 0 | Q4: =Torneos!Q4 -> 0 | AA4: 0 | AB4: =Torneos!AB4 -> 0 | AC4: =Torneos!AC4 -> 0 | AE4: =Torneos!AE4 -> 0 | AF4: =VLOOKUP(Torneos!AF4,Options!$M$1:$N$3,2,FALSE) -> 0 | AG4: =Torneos!AG4 -> 0 | AH4: =VLOOKUP(Torneos!AH4,Options!$O$1:$P$3,2,FALSE) -> 0 | AI4: =Torneos!AI4 -> 0 | AJ4: =Torneos!AJ4 -> 0 | AK4: =Torneos!AK4 -> 0 | AL4: =Torneos!AL4 -> 0 | AQ4: =Torneos!AQ4 -> 0 | AR4: =Torneos!AR4 -> 0 | AS4: =Torneos!AS4 -> 0
H5: =Torneos!H5 -> 0 | N5: =Torneos!N5 -> 0 | O5: =Torneos!O5 -> 0 | P5: =Torneos!P5 -> 0 | Q5: =Torneos!Q5 -> 0 | AA5: =Torneos!AA5 -> 0 | AB5: =Torneos!AB5 -> 0 | AC5: =Torneos!AC5 -> 0 | AE5: =Torneos!AE5 -> 0 | AF5: =VLOOKUP(Torneos!AF5,Options!$M$1:$N$3,2,FALSE) -> 0 | AG5: =Torneos!AG5 -> 0 | AH5: =VLOOKUP(Torneos!AH5,Options!$O$1:$P$3,2,FALSE) -> 0 | AI5: =Torneos!AI5 -> 0 | AJ5: =Torneos!AJ5 -> 0 | AK5: =Torneos!AK5 -> 0 | AL5: =Torneos!AL5 -> 0 | AQ5: =Torneos!AQ5 -> 0 | AR5: =Torneos!AR5 -> 0 | AS5: =Torneos!AS5 -> 0
H6: =Torneos!H6 -> 0 | N6: =Torneos!N6 -> 0 | O6: =Torneos!O6 -> 0 | P6: =Torneos!P6 -> 0 | Q6: =Torneos!Q6 -> 0 | AA6: =Torneos!AA6 -> 0 | AB6: =Torneos!AB6 -> 0 | AC6: =Torneos!AC6 -> 0 | AE6: =Torneos!AE6 -> 0 | AF6: =VLOOKUP(Torneos!AF6,Options!$M$1:$N$3,2,FALSE) -> 0 | AG6: =Torneos!AG6 -> 0 | AH6: =VLOOKUP(Torneos!AH6,Options!$O$1:$P$3,2,FALSE) -> 0 | AI6: =Torneos!AI6 -> 0 | AJ6: =Torneos!AJ6 -> 0 | AK6: =Torneos!AK6 -> 0 | AL6: =Torneos!AL6 -> 0 | AQ6: =Torneos!AQ6 -> 0 | AR6: =Torneos!AR6 -> 0 | AS6: =Torneos!AS6 -> 0
H7: =Torneos!H7 -> 0 | N7: =Torneos!N7 -> 0 | O7: =Torneos!O7 -> 0 | P7: =Torneos!P7 -> 0 | Q7: =Torneos!Q7 -> 0 | AA7: =Torneos!AA7 -> 0 | AB7: =Torneos!AB7 -> 0 | AC7: =Torneos!AC7 -> 0 | AE7: =Torneos!AE7 -> 0 | AF7: =VLOOKUP(Torneos!AF7,Options!$M$1:$N$3,2,FALSE) -> 0 | AG7: =Torneos!AG7 -> 0 | AH7: =VLOOKUP(Torneos!AH7,Options!$O$1:$P$3,2,FALSE) -> 0 | AI7: =Torneos!AI7 -> 0 | AJ7: =Torneos!AJ7 -> 0 | AK7: =Torneos!AK7 -> 0 | AL7: =Torneos!AL7 -> 0 | AQ7: =Torneos!AQ7 -> 0 | AR7: =Torneos!AR7 -> 0 | AS7: =Torneos!AS7 -> 0
H8: =Torneos!H8 -> 0 | N8: =Torneos!N8 -> 0 | O8: =Torneos!O8 -> 0 | P8: =Torneos!P8 -> 0 | Q8: =Torneos!Q8 -> 0 | AA8: =Torneos!AA8 -> 0 | AB8: =Torneos!AB8 -> 0 | AC8: =Torneos!AC8 -> 0 | AE8: =Torneos!AE8 -> 0 | AF8: =VLOOKUP(Torneos!AF8,Options!$M$1:$N$3,2,FALSE) -> 0 | AG8: =Torneos!AG8 -> 0 | AH8: =VLOOKUP(Torneos!AH8,Options!$O$1:$P$3,2,FALSE) -> 0 | AI8: =Torneos!AI8 -> 0 | AJ8: =Torneos!AJ8 -> 0 | AK8: =Torneos!AK8 -> 0 | AL8: =Torneos!AL8 -> 0 | AQ8: =Torneos!AQ8 -> 0 | AR8: =Torneos!AR8 -> 0 | AS8: =Torneos!AS8 -> 0
H9: =Torneos!H9 -> 0 | N9: =Torneos!N9 -> 0 | O9: =Torneos!O9 -> 0 | P9: =Torneos!P9 -> 0 | Q9: =Torneos!Q9 -> 0 | AA9: =Torneos!AA9 -> 0 | AB9: =Torneos!AB9 -> 0 | AC9: =Torneos!AC9 -> 0 | AE9: =Torneos!AE9 -> 0 | AF9: =VLOOKUP(Torneos!AF9,Options!$M$1:$N$3,2,FALSE) -> 0 | AG9: =Torneos!AG9 -> 0 | AH9: =VLOOKUP(Torneos!AH9,Options!$O$1:$P$3,2,FALSE) -> 0 | AI9: =Torneos!AI9 -> 0 | AJ9: =Torneos!AJ9 -> 0 | AK9: =Torneos!AK9 -> 0 | AL9: =Torneos!AL9 -> 0 | AQ9: =Torneos!AQ9 -> 0 | AR9: =Torneos!AR9 -> 0 | AS9: =Torneos!AS9 -> 0
H10: =Torneos!H10 -> 0 | N10: =Torneos!N10 -> 0 | O10: =Torneos!O10 -> 0 | P10: =Torneos!P10 -> 0 | Q10: =Torneos!Q10 -> 0 | AA10: =Torneos!AA10 -> 0 | AB10: =Torneos!AB10 -> 0 | AC10: =Torneos!AC10 -> 0 | AE10: =Torneos!AE10 -> 0 | AF10: =VLOOKUP(Torneos!AF10,Options!$M$1:$N$3,2,FALSE) -> 0 | AG10: =Torneos!AG10 -> 0 | AH10: =VLOOKUP(Torneos!AH10,Options!$O$1:$P$3,2,FALSE) -> 0 | AI10: =Torneos!AI10 -> 0 | AJ10: =Torneos!AJ10 -> 0 | AK10: =Torneos!AK10 -> 0 | AL10: =Torneos!AL10 -> 0 | AQ10: =Torneos!AQ10 -> 0 | AR10: =Torneos!AR10 -> 0 | AS10: =Torneos!AS10 -> 0
H11: =Torneos!H11 -> 0 | N11: =Torneos!N11 -> 0 | O11: =Torneos!O11 -> 0 | P11: =Torneos!P11 -> 0 | Q11: =Torneos!Q11 -> 0 | AA11: =Torneos!AA11 -> 0 | AB11: =Torneos!AB11 -> 0 | AC11: =Torneos!AC11 -> 0 | AE11: =Torneos!AE11 -> 0 | AF11: =VLOOKUP(Torneos!AF11,Options!$M$1:$N$3,2,FALSE) -> 0 | AG11: =Torneos!AG11 -> 0 | AH11: =VLOOKUP(Torneos!AH11,Options!$O$1:$P$3,2,FALSE) -> 0 | AI11: =Torneos!AI11 -> 0 | AJ11: =Torneos!AJ11 -> 0 | AK11: =Torneos!AK11 -> 0 | AL11: =Torneos!AL11 -> 0 | AQ11: =Torneos!AQ11 -> 0 | AR11: =Torneos!AR11 -> 0 | AS11: =Torneos!AS11 -> 0
H12: =Torneos!H12 -> 0 | N12: =Torneos!N12 -> 0 | O12: =Torneos!O12 -> 0 | P12: =Torneos!P12 -> 0 | Q12: =Torneos!Q12 -> 0 | AA12: =Torneos!AA12 -> 0 | AB12: =Torneos!AB12 -> 0 | AC12: =Torneos!AC12 -> 0 | AE12: =Torneos!AE12 -> 0 | AF12: =VLOOKUP(Torneos!AF12,Options!$M$1:$N$3,2,FALSE) -> 0 | AG12: =Torneos!AG12 -> 0 | AH12: =VLOOKUP(Torneos!AH12,Options!$O$1:$P$3,2,FALSE) -> 0 | AI12: =Torneos!AI12 -> 0 | AJ12: =Torneos!AJ12 -> 0 | AK12: =Torneos!AK12 -> 0 | AL12: =Torneos!AL12 -> 0 | AQ12: =Torneos!AQ12 -> 0 | AR12: =Torneos!AR12 -> 0 | AS12: =Torneos!AS12 -> 0
H13: =Torneos!H13 -> 0 | N13: =Torneos!N13 -> 0 | O13: =Torneos!O13 -> 0 | P13: =Torneos!P13 -> 0 | Q13: =Torneos!Q13 -> 0 | AA13: =Torneos!AA13 -> 0 | AB13: =Torneos!AB13 -> 0 | AC13: =Torneos!AC13 -> 0 | AE13: =Torneos!AE13 -> 0 | AF13: =VLOOKUP(Torneos!AF13,Options!$M$1:$N$3,2,FALSE) -> 0 | AG13: =Torneos!AG13 -> 0 | AH13: =VLOOKUP(Torneos!AH13,Options!$O$1:$P$3,2,FALSE) -> 0 | AI13: =Torneos!AI13 -> 0 | AJ13: =Torneos!AJ13 -> 0 | AK13: =Torneos!AK13 -> 0 | AL13: =Torneos!AL13 -> 0 | AQ13: =Torneos!AQ13 -> 0 | AR13: =Torneos!AR13 -> 0 | AS13: =Torneos!AS13 -> 0
H14: =Torneos!H14 -> 0 | N14: =Torneos!N14 -> 0 | O14: =Torneos!O14 -> 0 | P14: =Torneos!P14 -> 0 | Q14: =Torneos!Q14 -> 0 | AA14: =Torneos!AA14 -> 0 | AB14: =Torneos!AB14 -> 0 | AC14: =Torneos!AC14 -> 0 | AE14: =Torneos!AE14 -> 0 | AF14: =VLOOKUP(Torneos!AF14,Options!$M$1:$N$3,2,FALSE) -> 0 | AG14: =Torneos!AG14 -> 0 | AH14: =VLOOKUP(Torneos!AH14,Options!$O$1:$P$3,2,FALSE) -> 0 | AI14: =Torneos!AI14 -> 0 | AJ14: =Torneos!AJ14 -> 0 | AK14: =Torneos!AK14 -> 0 | AL14: =Torneos!AL14 -> 0 | AQ14: =Torneos!AQ14 -> 0 | AR14: =Torneos!AR14 -> 0 | AS14: =Torneos!AS14 -> 0
H15: =Torneos!H15 -> 0 | N15: =Torneos!N15 -> 0 | O15: =Torneos!O15 -> 0 | P15: =Torneos!P15 -> 0 | Q15: =Torneos!Q15 -> 0 | AA15: =Torneos!AA15 -> 0 | AB15: =Torneos!AB15 -> 0 | AC15: =Torneos!AC15 -> 0 | AE15: =Torneos!AE15 -> 0 | AF15: =VLOOKUP(Torneos!AF15,Options!$M$1:$N$3,2,FALSE) -> 0 | AG15: =Torneos!AG15 -> 0 | AH15: =VLOOKUP(Torneos!AH15,Options!$O$1:$P$3,2,FALSE) -> 0 | AI15: =Torneos!AI15 -> 0 | AJ15: =Torneos!AJ15 -> 0 | AK15: =Torneos!AK15 -> 0 | AL15: =Torneos!AL15 -> 0 | AQ15: =Torneos!AQ15 -> 0 | AR15: =Torneos!AR15 -> 0 | AS15: =Torneos!AS15 -> 0
H16: =Torneos!H16 -> 0 | N16: =Torneos!N16 -> 0 | O16: =Torneos!O16 -> 0 | P16: =Torneos!P16 -> 0 | Q16: =Torneos!Q16 -> 0 | AA16: =Torneos!AA16 -> 0 | AB16: =Torneos!AB16 -> 0 | AC16: =Torneos!AC16 -> 0 | AE16: =Torneos!AE16 -> 0 | AF16: =VLOOKUP(Torneos!AF16,Options!$M$1:$N$3,2,FALSE) -> 0 | AG16: =Torneos!AG16 -> 0 | AH16: =VLOOKUP(Torneos!AH16,Options!$O$1:$P$3,2,FALSE) -> 0 | AI16: =Torneos!AI16 -> 0 | AJ16: =Torneos!AJ16 -> 0 | AK16: =Torneos!AK16 -> 0 | AL16: =Torneos!AL16 -> 0 | AQ16: =Torneos!AQ16 -> 0 | AR16: =Torneos!AR16 -> 0 | AS16: =Torneos!AS16 -> 0
... H101: =Torneos!H101 -> 0 | N101: =Torneos!N101 -> 0 | O101: =Torneos!O101 -> 0 | P101: =Torneos!P101 -> 0 | Q101: =Torneos!Q101 -> 0 | AA101: =Torneos!AA101 -> 0 | AB101: =Torneos!AB101 -> 0 | AC101: =Torneos!AC101 -> 0 | AE101: =Torneos!AE101 -> 0 | AF101: =VLOOKUP(Torneos!AF101,Options!$M$1:$N$3,2,FALSE) -> 0 | AG101: =Torneos!AG101 -> 0 | AH101: =VLOOKUP(Torneos!AH101,Options!$O$1:$P$3,2,FALSE) -> 0 | AI101: =Torneos!AI101 -> 0 | AJ101: =Torneos!AJ101 -> 0 | AK101: =Torneos!AK101 -> 0 | AL101: =Torneos!AL101 -> 0 | AQ101: =Torneos!AQ101 -> 0 | AR101: =Torneos!AR101 -> 0 | AS101: =Torneos!AS101 -> 0

Sheet Options
A1: Público | B1: 0 | C1: Sí | D1: true | E1: Sportsbook | F1: 0 | G1: Monto Dinero | H1: 0 | I1: Sí | J1: AND | K1: Both | L1: 0 | M1: Físico | N1: 0 | O1: Saldo Creditos | P1: 0
A2: Privado | B2: 1 | C2: No | D2: false | E2: Casino | F2: 1 | G2: Líneas Apuesta | H2: 1 | I2: No | J2: OR | K2: Pre-math | L2: 2 | M2: Dinero | N2: 1 | O2: Saldo Premios | P2: 1
E3: Casino en vivo | F3: 2 | G3: Ganancia Neta | H3: 2 | K3: Live | L3: 1 | M3: Bono | N3: 3 | O3: Saldo Bonos | P3: 2
E4: Virtuales | F4: 3 | G4: Cuotas | H4: 3
